{"cameraMode":{"drawMode":0,"name":"Shaded","section":"Shading Mode"},"sceneLighting":true,"audioPlay":false,"sceneViewState":{"m_AlwaysRefresh":false,"showFog":true,"showSkybox":true,"showFlares":true,"showImageEffects":true,"showParticleSystems":true,"showVisualEffectGraphs":true,"m_FxEnabled":true},"in2DMode":false,"pivot":{"x":3.2447309494018556,"y":3.4914751052856447,"z":3.17222261428833},"rotation":{"x":0.09980349987745285,"y":0.06621614098548889,"z":0.006653760094195604,"w":-0.9927995800971985},"size":13.989081382751465,"orthographic":false}